{"cameraMode":{"drawMode":0,"name":"Shaded","section":"Shading Mode"},"sceneLighting":false,"audioPlay":false,"sceneViewState":{"showFog":true,"showMaterialUpdate":false,"showSkybox":true,"showFlares":true,"showImageEffects":true,"showParticleSystems":true},"in2DMode":false,"pivot":{"x":-0.8999975919723511,"y":7.700006484985352,"z":2.1799962520599367},"rotation":{"x":-0.2243233323097229,"y":-0.5161087512969971,"z":0.14217577874660493,"w":-0.8143076300621033},"size":0.000057235301937907934,"orthographic":false}