{"cameraMode":{"drawMode":0,"name":"Shaded","section":"Shading Mode"},"sceneLighting":true,"audioPlay":false,"sceneViewState":{"showFog":true,"showMaterialUpdate":false,"showSkybox":true,"showFlares":true,"showImageEffects":true,"showParticleSystems":true},"in2DMode":false,"pivot":{"x":65.97853088378906,"y":27.53847885131836,"z":-41.7480583190918},"rotation":{"x":-0.0767303928732872,"y":-0.00987337902188301,"z":0.0007598114316351712,"w":-0.9970027208328247},"size":46.54563903808594,"orthographic":false}